
{
    "categoria": [
        "http://www.w3.org/2002/07/owl#Thing; ",
        "http://schema.org/AdministrativeArea; ",
        "http://dbpedia.org/ontology/AdministrativeRegion; ",
        "http://dbpedia.org/ontology/Region; ",
        "http://dbpedia.org/ontology/PopulatedPlace; ",
        "http://schema.org/Place; ",
        "http://dbpedia.org/ontology/GovernmentalAdministrativeRegion; ",
        "http://dbpedia.org/ontology/Location; ",
        "http://dbpedia.org/ontology/Place; ",
        "http://dbpedia.org/ontology/Municipality; ",
        "http://www.wikidata.org/entity/Q3455524; "
    ],
    "descripcion": "Parrillas es un municipio español perteneciente a la provincia de Toledo, en la comunidad autónoma de Castilla-La Mancha. Linda con la provincia de Ávila y con las poblaciones de Velada, Oropesa y Navalcán de Toledo. En 2015 contaba con una población de 375 habitantes según el INE.",
    "direccion_img": "https://es.dbpedia.org/data/Parrillas",
    "id": "files_temastoledanos_90.%20La%20comarca%20de%20El%20Alcor%20y%20El%20Berrocal,%20por%20Fernando%20Jimenez%20de%20Gregorio.pdf%7Ca%C3%B1o=1997%7Ct%C3%ADtulo=La",
    "info_complementaria": "no hay imagen",
    "nombre": "Parrillas",
    "url": "http://realacademiatoledo.es/wp-content/uploads/2014/03/files_temastoledanos_90.%20La%20comarca%20de%20El%20Alcor%20y%20El%20Berrocal,%20por%20Fernando%20Jimenez%20de%20Gregorio.pdf%7Ca%C3%B1o=1997%7Ct%C3%ADtulo=La"
}